id,rm_code,rm_name,description,is_deleted,created_at,updated_at,created_by_id,updated_by_id,deleted_by_id
1050431f-3760-4a4d-810c-3ae2c3073fc4,AS,,,f,2025-01-22 09:01:55.035708+08,2025-01-22 09:01:55.035708+08,,,
bd465d12-8e36-4ae7-a42d-bd96dca48998,B101,,,f,2025-01-22 09:02:07.73855+08,2025-01-22 09:02:07.73855+08,,,
5e85f992-aac7-4272-b631-2419024655da,B105,,,f,2025-01-22 10:32:42.242518+08,2025-01-22 10:32:42.242518+08,,,
cdc503e5-2ee5-4b15-a80f-55613eeb20b9,B106,,,f,2025-01-22 09:01:59.091928+08,2025-01-22 09:01:59.091928+08,,,
82ee7c18-752d-4cce-9872-0aa9eea05dc4,B107,,,f,2025-01-22 11:31:25.103254+08,2025-01-22 11:31:25.103254+08,,,
b8613fa9-5160-445f-9dec-93fee8e1278e,B108,,,f,2025-01-22 11:31:30.790321+08,2025-01-22 11:31:30.790321+08,,,
d9b7b739-27a9-47d3-8683-66b183e6c7c3,B110,,,f,2025-01-22 11:31:30.790321+08,2025-01-22 11:31:30.790321+08,,,
4964cf8f-0697-4e92-a0ce-ad6df57b4bfc,B35,,,f,2025-01-22 11:31:30.790321+08,2025-01-22 11:31:30.790321+08,,,
b9e65fec-df2c-426b-b078-e6dd0e07c0ad,A7,,,f,2025-01-22 09:01:55.035708+08,2025-01-22 09:01:55.035708+08,,,
58c73a8b-c47d-4f62-89d3-7212d5cec78d,B38,,,f,2025-01-22 11:31:30.790321+08,2025-01-22 11:31:30.790321+08,,,
61d05836-2138-4103-8296-2bee4e0c6c2b,AO9,,,f,2025-01-22 09:02:07.73855+08,2025-01-22 09:02:07.73855+08,,,
be17837a-6c0c-464d-abcf-4990399a548e,K907,,,f,2025-01-22 10:32:42.242518+08,2025-01-22 10:32:42.242518+08,,,
7b21c61b-d13a-49d5-9956-3c5a6adc0692,AO8,,,f,2025-01-22 09:01:59.091928+08,2025-01-22 09:01:59.091928+08,,,
5dae0fdd-3df7-48c3-b2eb-8d794a5ee696,L31,,,f,2025-01-22 11:31:25.103254+08,2025-01-22 11:31:25.103254+08,,,
dc77f5a8-dc8f-47d3-aea0-85ebe219f9af,L37,,,f,2025-01-22 11:31:30.790321+08,2025-01-22 11:31:30.790321+08,,,
6dcb3194-b980-4887-a249-41e0e7879c08,B42,,,f,2025-01-22 11:31:30.790321+08,2025-01-22 11:31:30.790321+08,,,
4ec81283-b6d5-4e00-9046-9adf649085d0,B78,,,f,2025-01-22 11:31:30.790321+08,2025-01-22 11:31:30.790321+08,,,
67a16e03-0857-4bba-aa8e-7c63f013f792,B81,,,f,2025-01-22 11:31:30.790321+08,2025-01-22 11:31:30.790321+08,,,
6fc66276-4e7e-4061-9db4-dad77a95b7d9,B89,,,f,2025-01-22 11:31:30.790321+08,2025-01-22 11:31:30.790321+08,,,
524c3210-6d21-49c6-86c3-e749ce25638d,B91,,,f,2025-01-22 11:31:30.790321+08,2025-01-22 11:31:30.790321+08,,,
147b5e43-2cd6-4bc1-ae25-dea2ce42f09e,B92,,,f,2025-01-22 11:31:30.790321+08,2025-01-22 11:31:30.790321+08,,,
996127ea-ca50-468a-94fe-a510960605fa,B93,,,f,2025-01-22 11:31:30.790321+08,2025-01-22 11:31:30.790321+08,,,
b5d21018-c1fa-4f5b-b36b-a740b808d966,BIG BOX,,,f,2025-01-22 11:31:30.790321+08,2025-01-22 11:31:30.790321+08,,,
712b87a7-bae7-43c3-b7c8-a3eef50b6e6b,C12,,,f,2025-01-22 11:31:30.790321+08,2025-01-22 11:31:30.790321+08,,,
8eb2398c-65aa-442c-939a-b4b225836112,C17,,,f,2025-01-22 11:31:30.790321+08,2025-01-22 11:31:30.790321+08,,,
75cbf702-95b9-4d0a-b0e9-cbd1b748e2c4,C19,,,f,2025-01-22 11:31:30.790321+08,2025-01-22 11:31:30.790321+08,,,
884c62d8-5c00-4a93-bab1-9620021270a7,C25,,,f,2025-01-22 11:31:30.790321+08,2025-01-22 11:31:30.790321+08,,,
4163d110-8ca6-4480-a088-e3650fd8a342,C27,,,f,2025-01-22 11:31:30.790321+08,2025-01-22 11:31:30.790321+08,,,
cf02cf76-5cca-492f-80bd-2f22973fd04a,C28,,,f,2025-01-22 11:31:30.790321+08,2025-01-22 11:31:30.790321+08,,,
cf89a311-4b3a-496d-bfa0-a41cddfe7f29,C30,,,f,2025-01-22 11:31:30.790321+08,2025-01-22 11:31:30.790321+08,,,
1e4d1286-fa2d-4468-813e-577cb461140b,C31,,,f,2025-01-22 11:31:30.790321+08,2025-01-22 11:31:30.790321+08,,,
095a491f-cef5-4bbd-9173-2d7d042a62c5,C32,,,f,2025-01-22 11:31:30.790321+08,2025-01-22 11:31:30.790321+08,,,
d01d7fc9-36d3-43de-a63a-87349bfcd8e7,CDY13,,,f,2025-01-22 11:31:30.790321+08,2025-01-22 11:31:30.790321+08,,,
0c2b45af-ba7a-4637-93ac-90354500bed1,FB17,,,f,2025-01-22 11:31:30.790321+08,2025-01-22 11:31:30.790321+08,,,
107accd6-fe07-458f-943a-39a8126ff5de,FB7,,,f,2025-01-22 11:31:30.790321+08,2025-01-22 11:31:30.790321+08,,,
663d3edf-975a-4c3d-8b66-169c4a939822,FG10,,,f,2025-01-22 11:31:30.790321+08,2025-01-22 11:31:30.790321+08,,,
366d182d-7738-4738-9ecb-dd1759f2770a,FG18,,,f,2025-01-22 11:31:30.790321+08,2025-01-22 11:31:30.790321+08,,,
d7e1b1ee-3bf6-4705-a367-fbb091c63af2,FG9,,,f,2025-01-22 11:31:30.790321+08,2025-01-22 11:31:30.790321+08,,,
7bf86e68-74bc-4517-bb77-3af4b4f757fe,FM11,,,f,2025-01-22 11:31:30.790321+08,2025-01-22 11:31:30.790321+08,,,
048a0d3e-3d68-4f0f-9bbd-e907996f8534,FM16,,,f,2025-01-22 11:31:30.790321+08,2025-01-22 11:31:30.790321+08,,,
7f5c70d4-bac3-453c-940a-6c6cf19f07b7,FM20,,,f,2025-01-22 11:31:30.790321+08,2025-01-22 11:31:30.790321+08,,,
6653a3ac-8af0-439c-9776-8c7e8f76e408,FM25,,,f,2025-01-22 11:31:30.790321+08,2025-01-22 11:31:30.790321+08,,,
711cbb34-8d8b-488b-8e9b-02d08fa937ee,FM27,,,f,2025-01-22 11:31:30.790321+08,2025-01-22 11:31:30.790321+08,,,
d4884c57-fc3c-4450-9184-f64c707e975a,FM8,,,f,2025-01-22 11:31:30.790321+08,2025-01-22 11:31:30.790321+08,,,
e6102aa0-c0e2-44c7-a116-a76e910a6ef7,FO19,,,f,2025-01-22 11:31:30.790321+08,2025-01-22 11:31:30.790321+08,,,
db99b5de-2af7-4ad5-ac56-9f433bbab5bb,FO23,,,f,2025-01-22 11:31:30.790321+08,2025-01-22 11:31:30.790321+08,,,
4b6b4e8c-0b4f-4294-82d5-b4a0890dc06b,FO3,,,f,2025-01-22 11:31:30.790321+08,2025-01-22 11:31:30.790321+08,,,
cb0822e3-6126-4fe0-8bdc-17a820f482da,FP4,,,f,2025-01-22 11:31:30.790321+08,2025-01-22 11:31:30.790321+08,,,
70b4f0ac-22e3-4041-94df-020c63c5b895,FR22,,,f,2025-01-22 11:31:30.790321+08,2025-01-22 11:31:30.790321+08,,,
443a76ce-1465-4a0e-b938-c103d419bd8e,FV14,,,f,2025-01-22 11:31:30.790321+08,2025-01-22 11:31:30.790321+08,,,
641cf7f8-6e80-4e68-966f-09299503ec20,FY5,,,f,2025-01-22 11:31:30.790321+08,2025-01-22 11:31:30.790321+08,,,
3362aa0e-d1c9-44c0-9525-6e495f9aa347,G21,,,f,2025-01-22 11:31:30.790321+08,2025-01-22 11:31:30.790321+08,,,
d6e4a180-c30e-49ca-8634-4666775ca4e0,G22,,,f,2025-01-22 11:31:30.790321+08,2025-01-22 11:31:30.790321+08,,,
c4113dd2-8eb8-4ffa-ac67-0316e84fe9d4,G40,,,f,2025-01-22 11:31:30.790321+08,2025-01-22 11:31:30.790321+08,,,
62ce8b32-3c2e-4279-a4f5-8814a431358e,HCDR30,,,f,2025-01-22 11:31:30.790321+08,2025-01-22 11:31:30.790321+08,,,
e9a0c233-fe25-4116-af93-ffdf6d6167e0,HCDR36,,,f,2025-01-22 11:31:30.790321+08,2025-01-22 11:31:30.790321+08,,,
0b57fb00-03a2-40ec-876e-a131ce0e49aa,HIPS,,,f,2025-01-22 11:31:30.790321+08,2025-01-22 11:31:30.790321+08,,,
b4887eae-adce-4bb3-bea5-5ec4a99033da,HIPS POWDER,,,f,2025-01-22 11:31:30.790321+08,2025-01-22 11:31:30.790321+08,,,
7bd24d0a-76f5-443a-8539-da154385fbc8,I12,,,f,2025-01-22 11:31:30.790321+08,2025-01-22 11:31:30.790321+08,,,
da8e68d0-6bc4-4bc7-a2f9-3c847c002f99,I22,,,f,2025-01-22 11:31:30.790321+08,2025-01-22 11:31:30.790321+08,,,
7bce7306-59e7-4532-a65f-320b97519205,I23,,,f,2025-01-22 11:31:30.790321+08,2025-01-22 11:31:30.790321+08,,,
0a14a25e-71c5-4ebe-a7cc-f8183f904616,I24,,,f,2025-01-22 11:31:30.790321+08,2025-01-22 11:31:30.790321+08,,,
788cc033-affa-4e24-b751-de3c51d368fd,I7,,,f,2025-01-22 11:31:30.790321+08,2025-01-22 11:31:30.790321+08,,,
985e8d03-31bc-4149-982b-020ea1c5a8a1,J4,,,f,2025-01-22 11:31:30.790321+08,2025-01-22 11:31:30.790321+08,,,
37e5cf3e-8259-442f-ab9f-19d239642c2c,J5,,,f,2025-01-22 11:31:30.790321+08,2025-01-22 11:31:30.790321+08,,,
2142f313-1623-4c74-becc-70cb9c4c3cfc,J6,,,f,2025-01-22 11:31:30.790321+08,2025-01-22 11:31:30.790321+08,,,
956e61bd-53f5-4a75-9e4d-45756de939ab,K200,,,f,2025-01-22 11:31:30.790321+08,2025-01-22 11:31:30.790321+08,,,
76189988-7e9c-4206-97ff-eba6d96df1aa,K911 P,,,f,2025-01-22 11:31:30.790321+08,2025-01-22 11:31:30.790321+08,,,
d0f8f0a1-4237-4718-ac20-740b4afd2907,KRAFT BAG,,,f,2025-01-22 11:31:30.790321+08,2025-01-22 11:31:30.790321+08,,,
f6598a49-3551-441f-aa03-5dad91c3bf62,KRAFT BAG BIG,,,f,2025-01-22 11:31:30.790321+08,2025-01-22 11:31:30.790321+08,,,
117bdb94-5bc8-4e12-be62-6ca7cfc0f922,KRAFT BAG PLASTIC,,,f,2025-01-22 11:31:30.790321+08,2025-01-22 11:31:30.790321+08,,,
23a459f7-b59d-41a2-ad9b-afa8ab003107,KRAFT BAG W/ LINER,,,f,2025-01-22 11:31:30.790321+08,2025-01-22 11:31:30.790321+08,,,
849fb528-e98b-4185-9130-6fa2c7163c27,L17,,,f,2025-01-22 11:31:30.790321+08,2025-01-22 11:31:30.790321+08,,,
a75e0e4f-de11-447c-a630-a995423529be,L22,,,f,2025-01-22 11:31:30.790321+08,2025-01-22 11:31:30.790321+08,,,
a3fdce30-e792-4124-89ea-d01182e8f022,L24,,,f,2025-01-22 11:31:30.790321+08,2025-01-22 11:31:30.790321+08,,,
43198b64-7d30-428d-9c3d-091812d63b27,L25,,,f,2025-01-22 11:31:30.790321+08,2025-01-22 11:31:30.790321+08,,,
ca20835c-9290-4780-92be-45ae4292f1cb,L28,,,f,2025-01-22 11:31:30.790321+08,2025-01-22 11:31:30.790321+08,,,
b5fccd65-bc0a-48e8-ad16-3bbefa86ef6b,L39,,,f,2025-01-22 11:31:30.790321+08,2025-01-22 11:31:30.790321+08,,,
6a5b0704-33ba-4c2c-ac75-b42f9b148137,L40,,,f,2025-01-22 11:31:30.790321+08,2025-01-22 11:31:30.790321+08,,,
7c4f4fa0-7635-440f-9f42-feecce0a0a32,LB2,,,f,2025-01-22 11:31:30.790321+08,2025-01-22 11:31:30.790321+08,,,
c0a2f4f3-4a71-49aa-b312-2ccb6c46fe25,LL12,,,f,2025-01-22 11:31:30.790321+08,2025-01-22 11:31:30.790321+08,,,
20adfda0-0622-4b01-8d9e-d088e0fafbed,LL31,,,f,2025-01-22 11:31:30.790321+08,2025-01-22 11:31:30.790321+08,,,
f1294f4d-c26d-44e1-8717-6c05dcfd2bd8,LL36,,,f,2025-01-22 11:31:30.790321+08,2025-01-22 11:31:30.790321+08,,,
ef8df4a0-6cf1-4f55-a63f-583008e975b5,LL38,,,f,2025-01-22 11:31:30.790321+08,2025-01-22 11:31:30.790321+08,,,
1b2bd41d-3d5d-4969-833a-5da1cfa8918b,LL39,,,f,2025-01-22 11:31:30.790321+08,2025-01-22 11:31:30.790321+08,,,
c09acee1-92f8-403d-88d6-e69d5baa0325,LL39 POWDER,,,f,2025-01-22 11:31:30.790321+08,2025-01-22 11:31:30.790321+08,,,
b8334b47-df8e-4983-b553-81b9affcfb8a,LL47,,,f,2025-01-22 11:31:30.790321+08,2025-01-22 11:31:30.790321+08,,,
11554cad-3e8c-41fb-826a-7e6cc6aaeca6,LL48 POWDER,,,f,2025-01-22 11:31:30.790321+08,2025-01-22 11:31:30.790321+08,,,
17b8ddeb-d887-4a69-bf69-2d530766ed50,LL49,,,f,2025-01-22 11:31:30.790321+08,2025-01-22 11:31:30.790321+08,,,
cc0d6a98-0593-4d82-8e93-f7d3677f70b9,LL50,,,f,2025-01-22 11:31:30.790321+08,2025-01-22 11:31:30.790321+08,,,
d5f62f0e-8943-443c-a37b-ccc5feecda85,LL51,,,f,2025-01-22 11:31:30.790321+08,2025-01-22 11:31:30.790321+08,,,
a30035b5-ebcc-4a9a-8cf7-54150ed2e31c,LL52,,,f,2025-01-22 11:31:30.790321+08,2025-01-22 11:31:30.790321+08,,,
bce8b9c5-0c52-42cd-bd0c-b42810bcbd00,LL52 POWDER,,,f,2025-01-22 11:31:30.790321+08,2025-01-22 11:31:30.790321+08,,,
0a45946f-d7ca-4403-bc6e-11641f8ff308,LL53,,,f,2025-01-22 11:31:30.790321+08,2025-01-22 11:31:30.790321+08,,,
a0be9247-9ed4-40cf-a944-5672a9022ae7,LL53 POWDER,,,f,2025-01-22 11:31:30.790321+08,2025-01-22 11:31:30.790321+08,,,
31c262d7-fad2-47ba-b356-f5beb602be3a,LL56,,,f,2025-01-22 11:31:30.790321+08,2025-01-22 11:31:30.790321+08,,,
d5067cae-6997-4149-92f3-0f13ab19ef54,LL57,,,f,2025-01-22 11:31:30.790321+08,2025-01-22 11:31:30.790321+08,,,
5fee3138-3814-49b5-852e-ca9cfa06f368,LL58,,,f,2025-01-22 11:31:30.790321+08,2025-01-22 11:31:30.790321+08,,,
47d3bf71-c92a-4081-9428-f6d288daf0a1,LL59,,,f,2025-01-22 11:31:30.790321+08,2025-01-22 11:31:30.790321+08,,,
5c7128af-1041-413e-9b6f-f9f9c04ad7d6,LL6,,,f,2025-01-22 11:31:30.790321+08,2025-01-22 11:31:30.790321+08,,,
3705e127-47c8-4fce-aaed-78c1248cf485,LL60,,,f,2025-01-22 11:31:30.790321+08,2025-01-22 11:31:30.790321+08,,,
8736c3d8-3247-43d6-b898-ab32ea746032,LL60 POWDER,,,f,2025-01-22 11:31:30.790321+08,2025-01-22 11:31:30.790321+08,,,
8e986eea-e6de-4cb3-82ca-36e2a2315a80,LL63,,,f,2025-01-22 11:31:30.790321+08,2025-01-22 11:31:30.790321+08,,,
c5e66435-de28-4131-85e9-10fb71ebfd7b,LL64,,,f,2025-01-22 11:31:30.790321+08,2025-01-22 11:31:30.790321+08,,,
1e36bb42-eba6-4cab-b92c-31bcb33de573,LL65,,,f,2025-01-22 11:31:30.790321+08,2025-01-22 11:31:30.790321+08,,,
40804468-fd7a-4cb6-86e0-8c97f53f2c85,LL66,,,f,2025-01-22 11:31:30.790321+08,2025-01-22 11:31:30.790321+08,,,
7067a00c-488d-4c67-a112-6a9d1c9b0df8,LL66 POWDER,,,f,2025-01-22 11:31:30.790321+08,2025-01-22 11:31:30.790321+08,,,
cb7dcf90-9542-42bd-80f0-97f7d6001cc7,MBPI SCRAP,,,f,2025-01-22 11:31:30.790321+08,2025-01-22 11:31:30.790321+08,,,
b6fc62b0-f140-4f0a-8bff-d8dd6e0a8a62,MO2,,,f,2025-01-22 11:31:30.790321+08,2025-01-22 11:31:30.790321+08,,,
5b49376a-8662-4d9d-aea5-9c87a8f73279,NO CODE,,,f,2025-01-22 11:31:30.790321+08,2025-01-22 11:31:30.790321+08,,,
8348105c-2de0-4d8d-989f-1c63325ec337,O27,,,f,2025-01-22 11:31:30.790321+08,2025-01-22 11:31:30.790321+08,,,
9e9ecbde-9d3a-412d-837f-fa743ef91266,O28,,,f,2025-01-22 11:31:30.790321+08,2025-01-22 11:31:30.790321+08,,,
02f027b4-7f41-4add-82a2-7be45abc25a0,O29,,,f,2025-01-22 11:31:30.790321+08,2025-01-22 11:31:30.790321+08,,,
0cf84439-7569-4de3-bebb-39ad1ccb25bc,O41,,,f,2025-01-22 11:31:30.790321+08,2025-01-22 11:31:30.790321+08,,,
e853e130-bf61-4f13-a55e-10ec67cc056a,O46,,,f,2025-01-22 11:31:30.790321+08,2025-01-22 11:31:30.790321+08,,,
db9a8724-2b0d-4e5c-a2ea-fdda3ee4848b,O51,,,f,2025-01-22 11:31:30.790321+08,2025-01-22 11:31:30.790321+08,,,
5c89e554-5c44-45d8-aeba-7f698a2fd188,O55,,,f,2025-01-22 11:31:30.790321+08,2025-01-22 11:31:30.790321+08,,,
6d640304-10d6-404f-bf67-107ce45e59b3,O57,,,f,2025-01-22 11:31:30.790321+08,2025-01-22 11:31:30.790321+08,,,
6aa95d55-7413-46b3-bce2-b969b6b29f02,O60,,,f,2025-01-22 11:31:30.790321+08,2025-01-22 11:31:30.790321+08,,,
29b431f2-254c-4c11-90c3-cc82d9dd59a5,O62,,,f,2025-01-22 11:31:30.790321+08,2025-01-22 11:31:30.790321+08,,,
b91128c7-beec-4f49-b7e8-fe5b851b2133,ORANGE,,,f,2025-01-22 11:31:30.790321+08,2025-01-22 11:31:30.790321+08,,,
dce1ceb9-7eb6-42d3-90d7-04ec527895d9,P14,,,f,2025-01-22 11:31:30.790321+08,2025-01-22 11:31:30.790321+08,,,
70a2d535-45b6-47da-b5a4-2b934233e8fe,P26,,,f,2025-01-22 11:31:30.790321+08,2025-01-22 11:31:30.790321+08,,,
e0ad922a-88ef-4fa3-86ab-43d05ecd1a93,P27,,,f,2025-01-22 11:31:30.790321+08,2025-01-22 11:31:30.790321+08,,,
884e626a-8339-4326-b58c-14f761da7e1c,P28,,,f,2025-01-22 11:31:30.790321+08,2025-01-22 11:31:30.790321+08,,,
5fab3419-2b10-4199-bf6e-fb3f33c88341,P31,,,f,2025-01-22 11:31:30.790321+08,2025-01-22 11:31:30.790321+08,,,
0ae34f71-e774-4b02-a162-383ada86e9c4,P32,,,f,2025-01-22 11:31:30.790321+08,2025-01-22 11:31:30.790321+08,,,
a381339c-5957-4d88-86a4-639ec157f977,P33,,,f,2025-01-22 11:31:30.790321+08,2025-01-22 11:31:30.790321+08,,,
1af07f54-d37a-45a1-9bec-0c76baee38a7,P34,,,f,2025-01-22 11:31:30.790321+08,2025-01-22 11:31:30.790321+08,,,
f239819b-7ef4-450a-a4a2-ebfaab88faed,P36,,,f,2025-01-22 11:31:30.790321+08,2025-01-22 11:31:30.790321+08,,,
509ae518-f9f6-47c6-904b-b9fa4bb1f286,P37,,,f,2025-01-22 11:31:30.790321+08,2025-01-22 11:31:30.790321+08,,,
9b023af6-b87c-464a-8970-1995a3a42473,P38,,,f,2025-01-22 11:31:30.790321+08,2025-01-22 11:31:30.790321+08,,,
b0304eea-4917-42dd-9e16-1287f25cab31,P39,,,f,2025-01-22 11:31:30.790321+08,2025-01-22 11:31:30.790321+08,,,
4eb0be75-01f3-4a10-9b47-4ef2050942b1,P40,,,f,2025-01-22 11:31:30.790321+08,2025-01-22 11:31:30.790321+08,,,
382ec21a-0f93-4a8d-ab9a-03f5eb764003,P41,,,f,2025-01-22 11:31:30.790321+08,2025-01-22 11:31:30.790321+08,,,
68de9848-f16f-4236-8518-e7f75826c779,P42,,,f,2025-01-22 11:31:30.790321+08,2025-01-22 11:31:30.790321+08,,,
515140c3-095c-4ef8-b86f-b310d53b3f14,P43,,,f,2025-01-22 11:31:30.790321+08,2025-01-22 11:31:30.790321+08,,,
da873bf7-6068-4261-9ab2-ccc0613706fa,PMMA,,,f,2025-01-22 11:31:30.790321+08,2025-01-22 11:31:30.790321+08,,,
c3cb2632-cdab-4295-9e91-551fcc8825c1,PP11,,,f,2025-01-22 11:31:30.790321+08,2025-01-22 11:31:30.790321+08,,,
7ffcc774-3975-4812-8f90-3857956d686e,PP11 POWDER,,,f,2025-01-22 11:31:30.790321+08,2025-01-22 11:31:30.790321+08,,,
f2638fa1-0493-4a92-a69e-b0432c861d7d,PP13,,,f,2025-01-22 11:31:30.790321+08,2025-01-22 11:31:30.790321+08,,,
d7557340-4107-4596-9825-547572ed9f16,PP14,,,f,2025-01-22 11:31:30.790321+08,2025-01-22 11:31:30.790321+08,,,
11e1b993-4e9e-4866-a56e-287bc56d6885,PP14 POWDER,,,f,2025-01-22 11:31:30.790321+08,2025-01-22 11:31:30.790321+08,,,
c7d09eb6-8235-45db-8e7d-5b13f4553ef6,PP16,,,f,2025-01-22 11:31:30.790321+08,2025-01-22 11:31:30.790321+08,,,
d0f3f68c-18fa-4ec5-8e7a-b63b01704960,PP16 POWDER,,,f,2025-01-22 11:31:30.790321+08,2025-01-22 11:31:30.790321+08,,,
0800d6b6-f33c-4f89-a2a8-2a333a215eb2,PP6 POWDER,,,f,2025-01-22 11:31:30.790321+08,2025-01-22 11:31:30.790321+08,,,
7a2da3cf-a16f-4b8f-a06c-12c46f9b74ac,PP8,,,f,2025-01-22 11:31:30.790321+08,2025-01-22 11:31:30.790321+08,,,
bff8d1ff-7dc7-469a-8260-e6c26be8d223,PP8 POWDER,,,f,2025-01-22 11:31:30.790321+08,2025-01-22 11:31:30.790321+08,,,
e8aec894-671a-49c9-b789-7371fc959bf0,R101,,,f,2025-01-22 11:31:30.790321+08,2025-01-22 11:31:30.790321+08,,,
6963e998-2c16-4830-8a64-835d71f234b0,R103,,,f,2025-01-22 11:31:30.790321+08,2025-01-22 11:31:30.790321+08,,,
94f18819-3f99-4695-aede-6564ad96aa87,R105,,,f,2025-01-22 11:31:30.790321+08,2025-01-22 11:31:30.790321+08,,,
bfb7aa9f-844b-4970-a072-54682bf0cc3c,R107,,,f,2025-01-22 11:31:30.790321+08,2025-01-22 11:31:30.790321+08,,,
1442a3f4-defa-4f3e-ad28-0e49f1e5edfa,R108,,,f,2025-01-22 11:31:30.790321+08,2025-01-22 11:31:30.790321+08,,,
da931d8e-6b1e-4fe9-be22-85ac98b88cc5,R109,,,f,2025-01-22 11:31:30.790321+08,2025-01-22 11:31:30.790321+08,,,
e8b5dca5-173d-49c1-8477-7f51d52c0f82,R114,,,f,2025-01-22 11:31:30.790321+08,2025-01-22 11:31:30.790321+08,,,
aaf441e8-f4ad-4b7f-88f7-ddcfa4cd9d9d,R115,,,f,2025-01-22 11:31:30.790321+08,2025-01-22 11:31:30.790321+08,,,
cad18f7b-cec4-4543-8bef-82ea2b26a548,R116,,,f,2025-01-22 11:31:30.790321+08,2025-01-22 11:31:30.790321+08,,,
3ae1b826-3873-489d-b151-94101256a822,R117,,,f,2025-01-22 11:31:30.790321+08,2025-01-22 11:31:30.790321+08,,,
e6621460-f936-4eca-bac4-4c8646341afe,R119,,,f,2025-01-22 11:31:30.790321+08,2025-01-22 11:31:30.790321+08,,,
7e106fe0-1b9d-4267-8d36-d43c5d654198,R120,,,f,2025-01-22 11:31:30.790321+08,2025-01-22 11:31:30.790321+08,,,
f502d533-fca6-42f0-8956-3ab0ffd151c0,R121,,,f,2025-01-22 11:31:30.790321+08,2025-01-22 11:31:30.790321+08,,,
9e2d14ff-0c4b-4668-a401-3c88abb3b13d,R122,,,f,2025-01-22 11:31:30.790321+08,2025-01-22 11:31:30.790321+08,,,
772600f2-4769-4528-b57a-c562b54ba837,R124,,,f,2025-01-22 11:31:30.790321+08,2025-01-22 11:31:30.790321+08,,,
a1debc96-5831-45aa-b2f0-00cbcc464db0,R125,,,f,2025-01-22 11:31:30.790321+08,2025-01-22 11:31:30.790321+08,,,
9c692f93-e299-4fb1-95ab-018de3f025cb,R126,,,f,2025-01-22 11:31:30.790321+08,2025-01-22 11:31:30.790321+08,,,
654b2a80-a210-4ea8-9b4e-321810fb9026,R128,,,f,2025-01-22 11:31:30.790321+08,2025-01-22 11:31:30.790321+08,,,
56ba5182-af73-4152-9b5f-b815135fac0e,R129,,,f,2025-01-22 11:31:30.790321+08,2025-01-22 11:31:30.790321+08,,,
026fb3b3-7cd1-4a63-b00c-aa7d9842dffc,R40,,,f,2025-01-22 11:31:30.790321+08,2025-01-22 11:31:30.790321+08,,,
76f5e235-7015-492c-a4ab-8c068d77d737,R43,,,f,2025-01-22 11:31:30.790321+08,2025-01-22 11:31:30.790321+08,,,
08ed9014-f16b-4303-b7ce-c59b0dec431d,R45,,,f,2025-01-22 11:31:30.790321+08,2025-01-22 11:31:30.790321+08,,,
b27098e7-139b-4e39-97a8-a4ecfab99cdf,R46,,,f,2025-01-22 11:31:30.790321+08,2025-01-22 11:31:30.790321+08,,,
28cff418-4642-455d-81a2-5b503b316cd0,R51,,,f,2025-01-22 11:31:30.790321+08,2025-01-22 11:31:30.790321+08,,,
ba9f40bb-c44e-4015-b54b-8574fe5500d2,R62,,,f,2025-01-22 11:31:30.790321+08,2025-01-22 11:31:30.790321+08,,,
af9bd457-ce11-4327-9f65-4270ebc1ec8d,R63,,,f,2025-01-22 11:31:30.790321+08,2025-01-22 11:31:30.790321+08,,,
85b1b231-1170-49e5-9c8e-1b39d5b0e476,R64,,,f,2025-01-22 11:31:30.790321+08,2025-01-22 11:31:30.790321+08,,,
8b308c83-59f0-4bfe-8513-148d0c7f492b,R68,,,f,2025-01-22 11:31:30.790321+08,2025-01-22 11:31:30.790321+08,,,
fee25f1b-55cf-424a-84ea-93f4b2a817c8,R70,,,f,2025-01-22 11:31:30.790321+08,2025-01-22 11:31:30.790321+08,,,
43149b46-2a95-4fce-b51a-026d071dc8e7,R73,,,f,2025-01-22 11:31:30.790321+08,2025-01-22 11:31:30.790321+08,,,
ec3e7ce6-733a-4993-903b-d36538a7610a,R74,,,f,2025-01-22 11:31:30.790321+08,2025-01-22 11:31:30.790321+08,,,
11158ad0-0239-47bd-99d5-a8e4b06e60b0,R75,,,f,2025-01-22 11:31:30.790321+08,2025-01-22 11:31:30.790321+08,,,
4e1f69ce-3ece-4a6b-9115-b797d8a219b4,R82,,,f,2025-01-22 11:31:30.790321+08,2025-01-22 11:31:30.790321+08,,,
25ca5967-a515-4a43-b954-522bd812a6e6,R95,,,f,2025-01-22 11:31:30.790321+08,2025-01-22 11:31:30.790321+08,,,
1fb09fa5-2a34-4a81-850b-3e789fde0e18,SA5,,,f,2025-01-22 11:31:30.790321+08,2025-01-22 11:31:30.790321+08,,,
1c23f633-796a-4b1a-a371-c40a88f8db8d,SMALL BOX,,,f,2025-01-22 11:31:30.790321+08,2025-01-22 11:31:30.790321+08,,,
d418b941-5d53-4da4-838a-e26769c0299f,STEARIC ACID,,,f,2025-01-22 11:31:30.790321+08,2025-01-22 11:31:30.790321+08,,,
c6aad91b-8132-4023-bbc6-ed2b48367d9e,T RESIN,,,f,2025-01-22 11:31:30.790321+08,2025-01-22 11:31:30.790321+08,,,
bac3c792-d142-4ab2-9525-a82714166175,T22,,,f,2025-01-22 11:31:30.790321+08,2025-01-22 11:31:30.790321+08,,,
544ce731-c9ec-4609-affa-323eb0e15a20,TBA00014,,,f,2025-01-22 11:31:30.790321+08,2025-01-22 11:31:30.790321+08,,,
11325fb8-1527-4c79-bdd6-6b2937d85f29,TBA00081,,,f,2025-01-22 11:31:30.790321+08,2025-01-22 11:31:30.790321+08,,,
69651b55-5880-4bed-8e49-c225e494e947,TBA00082,,,f,2025-01-22 11:31:30.790321+08,2025-01-22 11:31:30.790321+08,,,
a6dea107-16be-495c-92b3-93a586e6ee79,TBA00085,,,f,2025-01-22 11:31:30.790321+08,2025-01-22 11:31:30.790321+08,,,
9ef13b85-5214-4405-b274-7a7afb436594,TBA00166,,,f,2025-01-22 11:31:30.790321+08,2025-01-22 11:31:30.790321+08,,,
ee25f1be-d564-4087-966a-8041b4fb34a9,TBA00173,,,f,2025-01-22 11:31:30.790321+08,2025-01-22 11:31:30.790321+08,,,
c01038d1-51ce-4366-ac3a-91ae1e24576d,TBA00245,,,f,2025-01-22 11:31:30.790321+08,2025-01-22 11:31:30.790321+08,,,
dce3fd53-7a58-40a6-b689-3b9420d42c06,TBA00401,,,f,2025-01-22 11:31:30.790321+08,2025-01-22 11:31:30.790321+08,,,
62d8e7a0-d76a-4edf-bd1c-9f819e841b9b,TCA00311,,,f,2025-01-22 11:31:30.790321+08,2025-01-22 11:31:30.790321+08,,,
01d7628b-66ac-4125-bfd7-d08eec2d37b3,TFM00126,,,f,2025-01-22 11:31:30.790321+08,2025-01-22 11:31:30.790321+08,,,
ba68671b-4c16-4dc5-b4e2-27d332161fdd,TFPA00170,,,f,2025-01-22 11:31:30.790321+08,2025-01-22 11:31:30.790321+08,,,
72e955f0-b38a-4530-bb78-e3410bc59355,TGA00011,,,f,2025-01-22 11:31:30.790321+08,2025-01-22 11:31:30.790321+08,,,
1c895db7-1cb7-4632-874b-e4089353e264,TGA00021,,,f,2025-01-22 11:31:30.790321+08,2025-01-22 11:31:30.790321+08,,,
ab656f49-03d5-47b9-a1ee-3575a072f0c5,TGA00037,,,f,2025-01-22 11:31:30.790321+08,2025-01-22 11:31:30.790321+08,,,
34d65aa0-7b36-4e31-9513-32706b7a3edf,TGA00065,,,f,2025-01-22 11:31:30.790321+08,2025-01-22 11:31:30.790321+08,,,
f5fde59f-b58d-4cf1-8bbd-071e1d1b9445,TGA00083,,,f,2025-01-22 11:31:30.790321+08,2025-01-22 11:31:30.790321+08,,,
046168f3-537e-41a0-a86d-d87bbabaa1fb,TGA00084,,,f,2025-01-22 11:31:30.790321+08,2025-01-22 11:31:30.790321+08,,,
898dc899-34bb-49d8-9518-05e59eefb869,TOA00064,,,f,2025-01-22 11:31:30.790321+08,2025-01-22 11:31:30.790321+08,,,
4de0bb93-f4bc-4e25-a008-9d852c2d87a8,TOA00247,,,f,2025-01-22 11:31:30.790321+08,2025-01-22 11:31:30.790321+08,,,
0ff01b5b-2d85-416c-986d-c826698c6ca7,TPA00119,,,f,2025-01-22 11:31:30.790321+08,2025-01-22 11:31:30.790321+08,,,
f7421b20-592d-4d91-996b-c4abc9aef361,TPA00121,,,f,2025-01-22 11:31:30.790321+08,2025-01-22 11:31:30.790321+08,,,
7d567bd5-8950-4ce4-afda-bb2a735377d3,TPA00284,,,f,2025-01-22 11:31:30.790321+08,2025-01-22 11:31:30.790321+08,,,
1f7a82dc-1dc8-46bf-952d-9e1257a948e3,TRA00077,,,f,2025-01-22 11:31:30.790321+08,2025-01-22 11:31:30.790321+08,,,
bccdb921-7699-4174-8d9e-ca6a5c4e14ef,TRA00078,,,f,2025-01-22 11:31:30.790321+08,2025-01-22 11:31:30.790321+08,,,
21bb2c7c-c5cc-4b96-8b63-3988e84a09a3,TRA00167,,,f,2025-01-22 11:31:30.790321+08,2025-01-22 11:31:30.790321+08,,,
ed8aa767-cade-46f2-9530-6e7ef3aaae94,TRA00168,,,f,2025-01-22 11:31:30.790321+08,2025-01-22 11:31:30.790321+08,,,
11864cf7-299b-4afe-9599-a6c5ed4f734a,TVA00080,,,f,2025-01-22 11:31:30.790321+08,2025-01-22 11:31:30.790321+08,,,
b38cfc46-e33e-47d4-ae95-1592355a4507,TVA00246,,,f,2025-01-22 11:31:30.790321+08,2025-01-22 11:31:30.790321+08,,,
7d7d522c-eaa0-4945-8c4b-f91b62b08e12,TWA00023,,,f,2025-01-22 11:31:30.790321+08,2025-01-22 11:31:30.790321+08,,,
daab2349-41cd-4afd-878d-ebea3bb1bf91,TWA00118,,,f,2025-01-22 11:31:30.790321+08,2025-01-22 11:31:30.790321+08,,,
4ae8c959-94db-4167-bbb2-1a949274a192,TWA00120,,,f,2025-01-22 11:31:30.790321+08,2025-01-22 11:31:30.790321+08,,,
2d0479e3-7713-4527-9fe9-4a9612cb28d1,TWA00122,,,f,2025-01-22 11:31:30.790321+08,2025-01-22 11:31:30.790321+08,,,
67444b38-8f36-4b1a-a2c4-ca0dc9dabd49,TYA00012,,,f,2025-01-22 11:31:30.790321+08,2025-01-22 11:31:30.790321+08,,,
e2bfc7c2-b343-46a7-84da-ab8aae3eaf11,TYA00036,,,f,2025-01-22 11:31:30.790321+08,2025-01-22 11:31:30.790321+08,,,
b99df19d-fec7-4e5f-90e2-4dca17d26cfa,TYA00062,,,f,2025-01-22 11:31:30.790321+08,2025-01-22 11:31:30.790321+08,,,
19ec7576-019c-4bdf-8471-7a1820066cb0,TYA00079,,,f,2025-01-22 11:31:30.790321+08,2025-01-22 11:31:30.790321+08,,,
661d5979-8bcb-4a73-9dc2-dadf72f0e222,TYA00135,,,f,2025-01-22 11:31:30.790321+08,2025-01-22 11:31:30.790321+08,,,
b8256af2-6400-43f4-84b0-ffc24952c536,TYA00241,,,f,2025-01-22 11:31:30.790321+08,2025-01-22 11:31:30.790321+08,,,
0d0b9085-5e44-49cf-ac6a-094103d47dcc,TYA00254,,,f,2025-01-22 11:31:30.790321+08,2025-01-22 11:31:30.790321+08,,,
d8e448eb-a909-40de-98e4-b437546b4965,TYA00255,,,f,2025-01-22 11:31:30.790321+08,2025-01-22 11:31:30.790321+08,,,
92e4f214-e0a5-4f3d-9292-ae87d728e4df,TYA00285,,,f,2025-01-22 11:31:30.790321+08,2025-01-22 11:31:30.790321+08,,,
facbd4af-49ad-4f08-a19d-1762d048f3c7,TYA00286,,,f,2025-01-22 11:31:30.790321+08,2025-01-22 11:31:30.790321+08,,,
68b8ad85-856b-42a9-aa64-b36d45de38ef,TYA00308,,,f,2025-01-22 11:31:30.790321+08,2025-01-22 11:31:30.790321+08,,,
81fb7694-72dc-483c-bf2d-1f5079159fab,TYA00309,,,f,2025-01-22 11:31:30.790321+08,2025-01-22 11:31:30.790321+08,,,
57f50b88-b490-4e01-98ab-82ba49a9e1fe,U10,,,f,2025-01-22 11:31:30.790321+08,2025-01-22 11:31:30.790321+08,,,
0822ad1f-9942-44f4-a57d-97b35ecf0176,U11,,,f,2025-01-22 11:31:30.790321+08,2025-01-22 11:31:30.790321+08,,,
c3c29b7c-9b5e-444f-9698-7060434da3a3,V31,,,f,2025-01-22 11:31:30.790321+08,2025-01-22 11:31:30.790321+08,,,
a3a1d1c7-5bfd-4d34-a66b-6141420d9b47,V40,,,f,2025-01-22 11:31:30.790321+08,2025-01-22 11:31:30.790321+08,,,
231d01f1-96d1-4146-a2e0-c34e10863224,V41,,,f,2025-01-22 11:31:30.790321+08,2025-01-22 11:31:30.790321+08,,,
372b515f-aba8-4c67-8724-319f1f09d1b1,V42,,,f,2025-01-22 11:31:30.790321+08,2025-01-22 11:31:30.790321+08,,,
48c5cede-71ff-44d3-acb5-41c61a1c4b20,V49,,,f,2025-01-22 11:31:30.790321+08,2025-01-22 11:31:30.790321+08,,,
c7d1a565-c5ca-450e-9747-41ffebeaa180,V50,,,f,2025-01-22 11:31:30.790321+08,2025-01-22 11:31:30.790321+08,,,
bc5885c2-44b6-4e39-bf1a-7efafc651bc9,W33,,,f,2025-01-22 11:31:30.790321+08,2025-01-22 11:31:30.790321+08,,,
fcb6fb48-39ed-48bd-9d83-e8540ab686fb,W34,,,f,2025-01-22 11:31:30.790321+08,2025-01-22 11:31:30.790321+08,,,
e43fae53-ab8d-410b-9657-52b09a92b572,W35,,,f,2025-01-22 11:31:30.790321+08,2025-01-22 11:31:30.790321+08,,,
8d2a38cb-9127-40c6-b0b4-026a7061c729,W8,,,f,2025-01-22 11:31:30.790321+08,2025-01-22 11:31:30.790321+08,,,
2377eef5-9124-4284-9ad4-8304545fe1b4,Y100,,,f,2025-01-22 11:31:30.790321+08,2025-01-22 11:31:30.790321+08,,,
f8993766-673d-416d-9c09-b89095b04c2c,Y107,,,f,2025-01-22 11:31:30.790321+08,2025-01-22 11:31:30.790321+08,,,
93d839f6-5fa8-4ba6-8dc8-5df4a1373d19,Y112,,,f,2025-01-22 11:31:30.790321+08,2025-01-22 11:31:30.790321+08,,,
88d22ce4-d219-4a28-a124-c617dbc577a0,Y115,,,f,2025-01-22 11:31:30.790321+08,2025-01-22 11:31:30.790321+08,,,
64e883ed-79e2-4991-8484-60ab187a9fd2,Y116,,,f,2025-01-22 11:31:30.790321+08,2025-01-22 11:31:30.790321+08,,,
7336d762-d1d9-4702-a6dd-f8d97112790d,Y117,,,f,2025-01-22 11:31:30.790321+08,2025-01-22 11:31:30.790321+08,,,
391a8764-c093-4c2d-b93a-bd22feb9a418,Y118,,,f,2025-01-22 11:31:30.790321+08,2025-01-22 11:31:30.790321+08,,,
974b2a89-1bba-4c00-90af-121d5112401c,Y119,,,f,2025-01-22 11:31:30.790321+08,2025-01-22 11:31:30.790321+08,,,
c449c4a0-e92a-4d34-b0a0-777ed2ed47d3,Y121,,,f,2025-01-22 11:31:30.790321+08,2025-01-22 11:31:30.790321+08,,,
472e10d4-db67-435a-99ac-d826d846dac6,Y122,,,f,2025-01-22 11:31:30.790321+08,2025-01-22 11:31:30.790321+08,,,
26689e2b-3f34-4c05-902c-90036338e147,Y123,,,f,2025-01-22 11:31:30.790321+08,2025-01-22 11:31:30.790321+08,,,
7a8f4c96-a54b-45b9-965f-9f939737b8c0,Y124,,,f,2025-01-22 11:31:30.790321+08,2025-01-22 11:31:30.790321+08,,,
2c1ba22b-31dc-4130-badd-3de3923097cc,Y126,,,f,2025-01-22 11:31:30.790321+08,2025-01-22 11:31:30.790321+08,,,
7431c410-cf60-4710-aba3-c4f16b587660,Y127,,,f,2025-01-22 11:31:30.790321+08,2025-01-22 11:31:30.790321+08,,,
ecde865d-6e14-4675-b560-f9dc43998898,Y36,,,f,2025-01-22 11:31:30.790321+08,2025-01-22 11:31:30.790321+08,,,
c0ee04c5-94b0-434d-a697-0b1ec471338e,Y39,,,f,2025-01-22 11:31:30.790321+08,2025-01-22 11:31:30.790321+08,,,
551ad807-1599-4c2f-91ac-e24e9379f124,Y41,,,f,2025-01-22 11:31:30.790321+08,2025-01-22 11:31:30.790321+08,,,
c93e58ba-2eec-468f-93c8-83aa02a44eb4,Y420,,,f,2025-01-22 11:31:30.790321+08,2025-01-22 11:31:30.790321+08,,,
25bc7b49-94e2-494f-bc7a-81eac3e7acab,Y53,,,f,2025-01-22 11:31:30.790321+08,2025-01-22 11:31:30.790321+08,,,
b603b197-6724-4b94-b7bf-c3fa111e53a1,Y61,,,f,2025-01-22 11:31:30.790321+08,2025-01-22 11:31:30.790321+08,,,
6571d93f-f8fd-48e5-88cc-ee278e622239,Y70,,,f,2025-01-22 11:31:30.790321+08,2025-01-22 11:31:30.790321+08,,,
4386156a-9109-482c-9453-030ff019d37d,Y71,,,f,2025-01-22 11:31:30.790321+08,2025-01-22 11:31:30.790321+08,,,
50b5df38-73ad-4714-a48f-fdbac247fdd9,Y72,,,f,2025-01-22 11:31:30.790321+08,2025-01-22 11:31:30.790321+08,,,
e54818d0-774f-43b7-8967-2abf6c592dc2,Y74,,,f,2025-01-22 11:31:30.790321+08,2025-01-22 11:31:30.790321+08,,,
0ab66c65-74d6-46b6-8173-e2841aeb650d,Y76,,,f,2025-01-22 11:31:30.790321+08,2025-01-22 11:31:30.790321+08,,,
40331b80-e304-4fda-a1ce-73b46246312e,Y86,,,f,2025-01-22 11:31:30.790321+08,2025-01-22 11:31:30.790321+08,,,
167b443a-bd02-4d8a-8ae3-2c2099feba2c,Y89,,,f,2025-01-22 11:31:30.790321+08,2025-01-22 11:31:30.790321+08,,,
61b80d88-c7df-4ffe-88be-968c767d5fe5,Y920,,,f,2025-01-22 11:31:30.790321+08,2025-01-22 11:31:30.790321+08,,,
671dee66-9aa2-40bd-bfbc-ebbbe0f90c8c,Y96,,,f,2025-01-22 11:31:30.790321+08,2025-01-22 11:31:30.790321+08,,,
ec6e7146-3440-4f1d-9932-99e7de919830,Y98,,,f,2025-01-22 11:31:30.790321+08,2025-01-22 11:31:30.790321+08,,,
d20b474d-8e20-4868-833d-d5b4f6624fea,YELLOW,,,f,2025-01-22 11:31:30.790321+08,2025-01-22 11:31:30.790321+08,,,
f125057e-8546-48cd-954c-dcf5cd6c73f8,B37,,,f,2025-01-22 11:31:30.790321+08,2025-01-22 11:31:30.790321+08,,,
22c106a4-bff0-466a-b2f3-bed851d59dd9,HDPE LMI,,,f,2025-01-22 11:31:30.790321+08,2025-01-22 11:31:30.790321+08,,,
3b62c9ad-c81c-4bc2-9e55-1cc59707ce5a,W88,,,f,2025-02-03 13:38:39.550687+08,2025-02-03 13:38:39.550687+08,,,
4df033e2-ae20-4fa6-aa56-7887377b8417,AO99,,,f,2025-02-03 13:38:43.971364+08,2025-02-03 13:38:43.971364+08,,,
69a3002b-bd5f-426f-ac41-a8114794a4dd,AS123,,,f,2025-02-05 13:18:05.454256+08,2025-02-05 13:18:05.454256+08,,,
fec0331a-0a44-492b-95f0-8938d2e0653b,FY28,,,f,2025-02-10 16:25:28.029488+08,2025-02-10 16:25:28.029488+08,,,
544551b6-1948-4523-85d5-5af40dbe58e2,O56,,,f,2025-02-10 16:45:32.895833+08,2025-02-10 16:45:32.895833+08,,,
bd210b9c-bfe6-4b98-a45e-b38854f312cf,Y120,,,f,2025-02-10 16:45:55.821433+08,2025-02-10 16:45:55.821433+08,,,
58c94d3e-033a-44f9-a62f-13bdf9413293,O58,,,f,2025-02-10 16:46:39.011092+08,2025-02-10 16:46:39.011092+08,,,
975b088c-b197-498f-9c42-97c285104a3a,PP17,,,f,2025-02-10 16:47:56.550286+08,2025-02-10 16:47:56.550286+08,,,
c7429fab-5dc2-4cd9-ab91-3a57ebd78a21,R130,,,f,2025-02-10 16:48:13.274874+08,2025-02-10 16:48:13.274874+08,,,
d7a073ab-f327-490b-89a3-3aae788f7a9f,W36,,,f,2025-02-10 16:48:27.05231+08,2025-02-10 16:48:27.05231+08,,,
e6da5262-9c6e-421d-8e22-8913066b23cb,GA2595E,,,f,2025-02-13 08:58:15.991361+08,2025-02-13 08:58:15.991361+08,,,
b3a6cd8c-a77a-4649-92a0-0009492d20ba,PP7 POWDER,,,f,2025-02-18 15:13:44.01854+08,2025-02-18 15:13:44.01854+08,,,
c0d0d093-ddbf-45f8-a1f3-d1db3e09d555,LL38 POWDER,,,f,2025-02-18 15:19:24.054007+08,2025-02-18 15:19:24.054007+08,,,
9bff1d5a-f93c-486c-8a30-62da1656928b,PP15 POWDER,,,f,2025-02-18 15:23:01.727828+08,2025-02-18 15:23:01.727828+08,,,
0dbd9374-1f9e-405e-89cd-95dd2cd464c0,R110,,,f,2025-02-18 15:23:53.344677+08,2025-02-18 15:23:53.344677+08,,,
1d7d4827-76a3-4318-8468-17c833bdb029,PP15,,,f,2025-02-18 15:27:40.526349+08,2025-02-18 15:27:40.526349+08,,,
